Compound,Hm(kJ/mol),Hm (J/mol),,MW,V_m (nm3),1/Vm,(1/Vm)/10,1/(Vm^2),1/Hm,sigma,tau,Eccentricity(Ear),Eccentricity(Eal),T_m (K),,,
2-Butyne,9.25,9250,78.28,54.0904,0.1299900365,7.692897292,,59.18066874,0.1081081081,100,0,1,1,240.9,3.846448646,0,7.692897292
"1,3-Cyclopentadiene",8.01,8010,82.94,66.1,0.1377283295,7.260670364,,52.71733414,0.1248439451,2,0,1,5,176.6,3.630335182,0.0044843,7.244390852
1-Pentene,5.81,5810,109.42,70.13,0.1817004318,5.503564248,,30.28921943,0.1721170396,1,1.5,1,1,107.9,3.501782124,0.0089686,5.485611065
2-Methyl-1-butene,7.91,7910,107.91,70.134,0.1791929591,5.580576406,,31.14283303,0.1264222503,1,0,1,1,135.5,2.790288203,0.0134529,5.543038938
trans-2-Pentene,8.35,8350,108.24,70.13,0.1797409499,5.563562454,,30.95322718,0.119760479,1,1,1,1,132.9,3.281781227,0.0179372,5.522633688
cis-2-Pentene,7.11,7110,106.92,70.13,0.177548987,5.63224841,,31.72222215,0.1406469761,1,1,1,1,121.8,3.316124205,0.0224215,5.580317431
2-Methyl-2-butene,7.6,7600,105.95,70.13,0.1759382265,5.683813119,,32.30573158,0.1315789474,1,0,1,1,139.4,2.84190656,0.0269058,5.60734935
Cyclopentane,5.84,5840,94.15,70.1,0.1563434075,6.396176314,,40.91107144,0.1712328767,7,0,1,5,179.2,3.198088157,0.0313901,6.295788007
2-Methylbutane,5.13,5130,116.43,72.15,0.1933410827,5.172206476,,26.75171983,0.1949317739,1,1,1,1,113.4,3.086103238,0.0358744,5.097368774
n-Pentane,8.4,8400,115.26,72.15,0.1913982066,5.224709353,,27.29758782,0.119047619,2,2,1,1,143.47,3.612354676,0.0403587,5.159636814
"1,4-Pentadiene",6.14,6140,103.06,68.117,0.1711391564,5.843198137,,34.14296447,0.1628664495,2,1,1,1,124.2,3.421599069,0.044843,5.73460637
"2-Methyl-1,3-butadiene",4.92,4920,100.8,68.12,0.1673862504,5.974206349,,35.6911415,0.2032520325,1,0,1,1,127.27,2.987103175,0.0493273,5.826860615
"3-Methyl-1,2-butadiene",7.95,7950,109.87,68.12,0.1824476918,5.481023027,,30.04161342,0.1257861635,2,0,1,1,159.4,2.740511514,0.0538116,5.333551718
"1,trans-3-Pentadiene",7.14,7140,101.52,68.12,0.1685818665,5.931836091,,35.18667942,0.1400560224,1,0,1,1,185.6,2.965918046,0.0582959,5.75893523
"cis-1,3-Pentadiene",5.64,5640,99.3,68.117,0.1648953836,6.064451158,,36.77756785,0.1773049645,1,0,1,1,132.4,3.032225579,0.0627802,5.87408743
2-Pentyne,7.56,7560,95.81,68.12,0.1590999668,6.285356435,,39.50570551,0.1322751323,1,0,1,1,163.7,3.142678217,0.0672645,6.073965756
Cyclopentene,6.13,6130,88.24,68.12,0.1465293922,6.824569356,,46.5747469,0.163132137,2,0,1,5,138.1,3.412284678,0.0717488,6.579742025
Cyclohexene,7.51,7510,101.29,82.14,0.1681999336,5.945305558,,35.34665818,0.1331557923,2,0,1,6,169.5,2.972652779,0.0762331,5.718691022
"3,3-Dimethyl-1-butene",5.44,5440,128.88,84.16,0.2140152773,4.672563625,,21.83285083,0.1838235294,1,0.5,1,1,158.4,2.586281813,0.0807174,4.504164382
3-Methyl-1-pentene,3.6,3600,126.18,84.1595,0.209531717,4.772547155,,22.77720635,0.2777777778,1,1.5,1,1,118.6,3.136273577,0.0852017,4.633133864
4-Methyl-1-pentene,4.93,4930,126.75,84.16,0.2104782464,4.751084813,,22.5728069,0.2028397566,1,1.5,1,1,119.4,3.125542406,0.089686,4.605296416
"2,3-Dimethyl-1-butene",5.45,5450,124.13,84.16,0.2061275324,4.851365504,,23.53574725,0.1834862385,1,0.5,1,1,115.7,2.675682752,0.0941703,4.646480806
cis-4-Methyl-2-pentene,7.36,7360,125.42,84.16,0.2082696778,4.801467071,,23.05408603,0.1358695652,1,0.5,1,1,138.3,2.650733535,0.0986546,4.589287314
trans-4-methyl-2-pentene,7.16,7160,125.61,84.16,0.2085851876,4.794204283,,22.98439471,0.1396648045,1,0.5,1,1,132.35,2.647102142,0.1031389,4.57275453
2-Methyl-1-pentene,7.03,7030,123.4,84.16,0.2049153105,4.88006483,,23.81503274,0.1422475107,1,1.5,1,1,137.4,3.190032415,0.1076232,4.698178133
1-Hexene,9.35,9350,125.05,84.16,0.207655264,4.815673731,,23.19071348,0.1069518717,1,2.5,1,1,133.4,3.657836865,0.1121075,4.685871534
2-Ethyl-1-butene,7.57,7570,121.97,84.16,0.2025406842,4.937279659,,24.37673043,0.1321003963,2,1.5,1,1,141.5,3.218639829,0.1165918,4.736900348
cis-3-Methyl-2-pentene,5.92,5920,121.97,84.16,0.2025406842,4.937279659,,24.37673043,0.1689189189,1,0.5,1,1,138.2,2.718639829,0.1210761,4.668655401
2-Methyl-2-pentene,8.03,8030,122.5,84.16,0.2034207904,4.915918367,,24.16625339,0.1245330012,1,1,1,1,138,2.957959184,0.1255604,4.670076229
cis-3-Hexene,8.25,8250,124.31,84.16,0.2064264364,4.844340761,,23.46763741,0.1212121212,2,2,1,1,135.33,3.422170381,0.1300447,4.659395041
trans-3-Hexene,11.08,11080,124.31,84.16,0.2064264364,4.844340761,,23.46763741,0.09025270758,2,2,1,1,159.73,3.422170381,0.134529,4.653017602
trans-2-Hexene,8.26,8260,124.13,84.16,0.2061275324,4.851365504,,23.53574725,0.1210653753,1,2,1,1,140.17,3.425682752,0.1390133,4.65317664
cis-2-Hexene,8.88,8880,122.5,84.16,0.2034207904,4.915918367,,24.16625339,0.1126126126,1,2,1,1,132,3.457959184,0.1434976,4.706704724
trans-3-Methyl-2-pentene,7.7,7700,121.97,84.16,0.2025406842,4.937279659,,24.37673043,0.1298701299,1,1,1,1,134.7,2.968639829,0.1479819,4.645956597
"2,3-Dimethyl-2-butene",9.97,9970,118.87,84.16,0.1973928927,5.066038529,,25.66474638,0.1003009027,4,0,1,1,198.4,2.533019265,0.1524662,4.679838708
Methylcyclopentane,6.93,6930,112.36,84.16,0.1865825307,5.359558562,,28.72486798,0.1443001443,2,0,1,5,130.7,2.679779281,0.1569505,4.938965864
Cyclohexane,9.42,9420,108.04,84.16,0.1794088343,5.573861533,,31.06793239,0.1061571125,6,0,1,6,279.8,2.786930766,0.1614348,5.123953922
"2,2-Dimethylbutane",6.26,6260,133.74,86.18,0.2220856858,4.502766562,,20.27490671,0.1597444089,1,1,1,1,174,2.751383281,0.1659191,4.212178624
"2,3-Dimethylbutane",6.43,6430,130.25,86.18,0.216290269,4.623416507,,21.37598019,0.1555209953,4,1,1,1,144.2,2.811708253,0.1704034,4.314695261
2-Methylpentane,6.27,6270,131.98,86.18,0.2191630687,4.562812547,,20.81925834,0.1594896332,1,2,1,1,119.6,3.281406274,0.1748877,4.338710351
3-Methylpentane,5.31,5310,129.79,86.18,0.2155264032,4.639802758,,21.52776964,0.1883239171,2,2,1,1,110.1,3.319901379,0.179372,4.403049408
n-Hexane,13.1,13100,131.61,86.18,0.2185486549,4.575640149,,20.93648277,0.07633587786,2,3,1,1,177.8,3.787820074,0.1838563,4.430794465
Benzene,9.87,9870,88.9,78.11,0.1476253736,6.773903262,,45.8857654,0.1013171226,12,0,6,1,278.7,3.386951631,0.1883406,6.13600276
"1,4-Cyclohexadiene",6.54,6540,94.6,80.1292,0.1570906676,6.365750529,,40.52277979,0.1529051988,4,0,1,6,223.8,3.182875264,0.1928249,5.752012924
"1,3-Cyclohexadiene",4.2,4200,93,80.1292,0.1544337429,6.475268817,,41.92910626,0.2380952381,2,0,1,6,161,3.237634409,0.1973092,5.836453762
4-Methylcyclohex-1-ene,6.63,6630,120.36,96.17,0.1998671538,5.003323363,,25.03324468,0.1508295626,1,0,1,6,153.6,2.501661682,0.2017935,4.498504297
"4,4-Dimethylpent-1-ene",6.28,6280,143.97,98.19,0.2390733975,4.182815864,,17.49594856,0.1592356688,1,1.5,1,1,136.4,2.841407932,0.2062778,3.906113187
"3,3-Dimethylpent-1-ene",7.53,7530,140.88,98.19,0.2339422119,4.274559909,,18.27186242,0.1328021248,1,1.5,1,1,138.7,2.887279955,0.2107621,3.982173873
"trans-4,4-Dimethylpent-2-ene",6.7,6700,142.3,98.19,0.2363002325,4.231904427,,17.90901508,0.1492537313,1,1,1,1,137.6,2.615952214,0.2152464,3.884076531
"cis-4,4-Dimethylpent-2-ene",5.86,5860,140.27,98.19,0.2329292594,4.293148927,,18.43112771,0.1706484642,1,1,1,1,137.6,2.646574464,0.2197307,3.931345968
"2,4-Dimethylpent-1-ene",8.79,8790,141.48,98.19,0.2349385586,4.256432005,,18.11721341,0.1137656428,1,1.5,1,1,149.09,2.878216002,0.224215,3.947415304
"2,4-Dimethylpent-2-ene",6.7,6700,141.28,98.19,0.234606443,4.262457531,,18.1685442,0.1492537313,1,1,1,1,145.3,2.631228766,0.2286993,3.889396654
"2,3-Dimethyl-1-pentene",7.11,7110,139.28,98.19,0.2312852873,4.323664561,,18.69407523,0.1406469761,1,1.5,1,1,138.7,2.91183228,0.2331836,3.994448427
3-Ethyl-1-pentene,5.82,5820,141.08,98.19,0.2342743275,4.268500142,,18.22009346,0.1718213058,1,2.5,1,1,145.5,3.384250071,0.2376679,4.058342284
5-Methyl-1-hexene,9.08,9080,141.89,98.19,0.2356193955,4.244132779,,18.01266305,0.1101321586,1,2.5,1,1,151.39,3.372066389,0.2421522,4.032959984
(dl)4-Methyl-1-hexene,7.5,7500,140.47,98.19,0.233261375,4.287036378,,18.37868091,0.1333333333,1,2.5,1,1,131.5,3.393518189,0.2466365,4.066662179
"cis-3,4-Dimethylpent-2-ene",8.79,8790,138.3,98.19,0.229657921,4.354302242,,18.95994801,0.1137656428,1,1,1,1,159.76,2.677151121,0.2511208,3.93313471
"trans-3,4-Dimethylpent-2-ene",8.79,8790,138.3,98.19,0.229657921,4.354302242,,18.95994801,0.1137656428,1,1,1,1,148.92,2.677151121,0.2556051,3.925613862
2-Methyl-1-hexene,13,13000,139.67,98.19,0.2319329127,4.311591609,,18.5898222,0.07692307692,1,2.5,1,1,170.28,3.405795804,0.2600894,4.076003722
1-Heptene,12.66,12660,140.88,98.19,0.2339422119,4.274559909,,18.27186242,0.07898894155,1,3.5,1,1,153.3,3.887279955,0.2645737,4.172095819
2-Methyl-2-hexene,9.21,9210,138.69,98.19,0.2303055463,4.342057827,,18.85346617,0.108577633,1,2,1,1,142.6,3.171028913,0.269058,4.026983129
trans-3-Heptene,10.5,10500,140.67,98.19,0.2335934905,4.28094121,,18.32645764,0.09523809524,1,3,1,1,136.4,3.640470605,0.2735423,4.105745408
"2,3-dimethylpent-2-ene",8.79,8790,134.88,98.19,0.2239787446,4.464709371,,19.93362977,0.1137656428,1,1,1,1,154.7,2.732354686,0.2780266,3.983068688
cis-3-methyl-2-hexene,11.28,11280,137.71,98.19,0.22867818,4.372957665,,19.12275874,0.08865248227,1,2,1,1,154.5,3.186478832,0.2825109,4.037764462
"1,1-Dimethylcyclopentane",7.58,7580,130.23,98.19,0.2162570575,4.624126545,,21.38254631,0.1319261214,2,0,1,5,203.7,2.312063273,0.2869952,3.960575484
"cis-1,3-Dimethylcyclopentane",7.4,7400,131.8,98.19,0.2188641647,4.569044006,,20.87616313,0.1351351351,1,0,1,5,139.3,2.284522003,0.2914795,3.903152675
"(dl)-trans-1,3-Dimethylcyclopentane",7.4,7400,131.09,98.19,0.2176851544,4.593790526,,21.10291139,0.1351351351,1,0,1,5,139.3,2.296895263,0.2959638,3.913992675
"(dl)-trans-1,2-Dimethylcyclopentane",7.4,7400,130.75,98.19,0.217120558,4.605736138,,21.21280537,0.1351351351,1,0,1,5,155.58,2.302868069,0.3004481,3.913843802
"cis-1,2-Dimethylcyclopentane",8.21,8210,127.02,98.19,0.2109266025,4.740985672,,22.47694514,0.1218026797,1,0,1,5,219,2.370492836,0.3049324,4.018145602
Ethylcyclopentane,6.87,6870,128.19,98.19,0.2128694786,4.69771433,,22.06851993,0.1455604076,1,0.5,1,5,134.7,2.598857165,0.3094167,4.048292872
Methylcyclohexane,6.75,6750,127.69,98.19,0.2120391896,4.716109327,,22.24168719,0.1481481481,4,0.5,1,6,146.6,2.608054664,0.313901,4.05438886
Cycloheptane,7.6,7600,121.07,98.19,0.2010461641,4.973981994,,24.74049688,0.1315789474,2,0,1,7,265,2.486990997,0.3183853,4.182160619
"2,2-Dimethylpentane",5.86,5860,148.68,100.2,0.2468947194,4.050309389,,16.40500615,0.1706484642,1,2,1,1,148.1,3.025154695,0.3228696,3.719318103
"2,2,3-Trimethylbutane",4.58,4580,145.23,100.2,0.2411657257,4.1465262,,17.19367953,0.2183406114,1,1,1,1,248,2.5732631,0.3273539,3.631512388
"2,4-Dimethylpentane",6.85,6850,148.9,100.2,0.2472600465,4.04432505,,16.35656511,0.1459854015,2,2,1,1,154,3.022162525,0.3318382,3.705132478
"3,3-Dimethylpentane",7.07,7070,144.6,100.2,0.2401195616,4.164591978,,17.34382634,0.1414427157,1,2,1,1,138.1,3.082295989,0.3363225,3.800591485
2-Methylhexane,9.18,9180,147.58,100.2,0.2450680837,4.080498713,,16.65046974,0.1089324619,1,3,1,1,154.8,3.540249356,0.3408068,3.896378058
3-Ethylpentane,9.55,9550,143.57,100.2,0.2384091664,4.194469597,,17.5935752,0.1047120419,3,3,1,1,154.6,3.597234798,0.3452911,3.988249736
n-Heptane,14.04,14040,146.51,100.2,0.2432912654,4.110299638,,16.89456312,0.07122507123,2,4,1,1,182.4,4.055149819,0.3497754,4.091009588
Toluene,6.62,6620,106.27,92.14,0.1764696114,5.666698033,,32.1114666,0.1510574018,2,0,6,1,178.1,2.833349017,0.3542597,4.662956661
Cycloheptatriene,3.51,3510,103.76,92.14,0.1723015609,5.803777949,,33.68383848,0.2849002849,2,0,1,7,193.5,2.901888975,0.358744,4.762742691
Ethylbenzene,9.18,9180,122.46,106.17,0.2033543673,4.917524089,,24.18204317,0.1089324619,1,0.5,6,1,178.1,2.708762045,0.3632283,4.115239207
"1,4-Dimethylbenzene",17.11,17110,123.31,106.16,0.2047658585,4.883626632,,23.84980908,0.05844535359,4,0,6,1,286.4,2.441813316,0.3677126,3.985741109
"1,3-Dimethylbenzene",11.57,11570,122.26,106.16,0.2030222517,4.925568461,,24.26122466,0.08643042351,2,0,6,1,225.3,2.46278423,0.3721969,4.008927805
"1,2-Dimethylbenzene",13.6,13600,118.36,106.16,0.196545998,5.087867523,,25.88639593,0.07352941176,2,0,6,1,247.8,2.543933761,0.3766812,4.129615501
Cyclooctene,11.61,11610,130.26,110.2,0.2163068748,4.623061569,,21.37269827,0.08613264427,2,0,1,8,259.2,2.311530785,0.3811655,3.741985782
"2,4,4-Trimethyl-1-pentene",8.77,8770,156.95,112.21,0.2606276984,3.83689073,,14.72173047,0.1140250855,1,1.5,1,1,179.5,2.668445365,0.3856498,3.386280008
"2,4,4-Trimethyl-2-pentene",6.8,6800,155.43,112.21,0.2581036201,3.874412919,,15.01107547,0.1470588235,1,1,1,1,166.7,2.437206459,0.3901341,3.31370967
1-Octene,15.31,15310,156.95,112.21,0.2606276984,3.83689073,,14.72173047,0.06531678641,1,4.5,1,1,171.5,4.168445365,0.3946184,3.967728289
"cis-1,3-Dimethylcyclohexane",10.82,10820,146.5,112.21,0.2432746596,4.110580205,,16.89686962,0.09242144177,1,0,1,6,197.6,2.055290102,0.3991027,3.290308376
"trans-1,3-Dimethylcyclohexane",9.87,9870,142.94,112.21,0.2373630023,4.212956485,,17.74900235,0.1013171226,2,0,1,6,183.1,2.106478243,0.403587,3.362809251
"cis-1,4-Dimethylcyclohexane",9.31,9310,143.32,112.21,0.2379940219,4.201786213,,17.65500738,0.1074113856,2,0,1,6,185.7,2.100893106,0.4080713,3.344472032
"trans-1,4-Dimethylcyclohexane",12.33,12330,147.06,112.21,0.2442045832,4.094927241,,16.76842911,0.08110300081,2,0,1,6,236.2,2.04746362,0.4125556,3.250234658
Propylcyclopentane,10.03,10030,144.61,112.21,0.2401361674,4.16430399,,17.34142772,0.09970089731,1,1.5,1,5,155.7,2.832151995,0.4170399,3.608743455
"1,trans-2-Dimethylcyclohexane",10.5,10500,144.61,112.21,0.2401361674,4.16430399,,17.34142772,0.09523809524,2,0,1,6,185,2.082151995,0.4215242,3.286626536
"1,1-Dimethylcyclohexane",7.99,7990,143.69,112.21,0.2386084357,4.190966664,,17.56420158,0.1251564456,2,0,1,6,239.8,2.095483332,0.4260085,3.298272953
Ethylcyclohexane,8.33,8330,142.41,112.21,0.236482896,4.22863563,,17.88135929,0.1200480192,1,0.5,1,6,161.7,2.364317815,0.4304928,3.426060233
Cyclooctane,9.21,9210,134.23,112.21,0.222899369,4.486329435,,20.1271518,0.108577633,12,0,1,8,287.8,2.243164717,0.4349771,3.510604151
3-Ethyl-2-methylpentane,11.34,11340,158.87,114.23,0.263816008,3.790520551,,14.36804605,0.08818342152,2,3,1,1,158.1,3.395260276,0.4394614,3.616818917
"2,2,4-Trimethylpentane",9.04,9040,165.07,114.23,0.2741115908,3.64814927,,13.3089931,0.110619469,1,2,1,1,165.8,2.824074635,0.4439457,3.282304879
"2,2-Dimethylhexane",6.78,6780,164.36,114.23,0.2729325805,3.663908494,,13.42422545,0.1474926254,1,3,1,1,151.9,3.331954247,0.44843,3.515050251
"2,5-Dimethylhexane",12.95,12950,164.6,114.23,0.2733311192,3.658566221,,13.38510679,0.07722007722,2,3,1,1,182,3.329283111,0.4529143,3.509429192
"2,2,3-Trimethylpentane",8.62,8620,159.54,114.23,0.2649285952,3.774601981,,14.24762011,0.1160092807,1,2,1,1,160.8,2.88730099,0.4573986,3.36875175
"3,3-Dimethylhexane",7.11,7110,160.89,114.23,0.2671703753,3.742929952,,14.00952463,0.1406469761,1,3,1,1,146.9,3.371464976,0.4618829,3.571356632
"2,3,4-Trimethylpentane",9.27,9270,158.87,114.23,0.263816008,3.790520551,,14.36804605,0.1078748652,2,2,1,1,163.8,2.895260276,0.4663672,3.373000523
2-Methylheptane,11.92,11920,163.65,114.23,0.2717535702,3.679804461,,13.54096087,0.08389261745,1,4,1,1,164,3.83990223,0.4708515,3.755186736
4-Methylheptane,10.84,10840,162.03,114.23,0.2690634341,3.716595692,,13.81308354,0.09225092251,2,4,1,1,152,3.858297846,0.4753358,3.783951799
3-Ethyl-3-methylpentane,10.8,10800,158.65,114.23,0.2634506808,3.795776867,,14.40792203,0.09259259259,1,3,1,1,182.1,3.397888434,0.4798201,3.604861999
3-Methylheptane,11.7,11700,161.8,114.23,0.2686815012,3.721878863,,13.85238227,0.08547008547,1,4,1,1,152.6,3.860939431,0.4843044,3.789226508
n-Octane,20.74,20740,162.49,114.23,0.2698272999,3.70607422,,13.73498612,0.04821600771,2,5,1,1,216.2,4.35303711,0.4887887,4.02230237
Styrene,10.96,10960,115.15,104.15,0.191215543,5.229700391,,27.34976618,0.09124087591,1,0,6,1,242,2.614850195,0.493273,3.93986539
Cyclooctatetraene,11.27,11270,112.59,104.15,0.1869644636,5.348610001,,28.60762894,0.08873114463,2,0,1,8,268.5,2.674305,0.4977573,4.017455164
a-Methylstyrene,11.92,11920,130.41,118.18,0.2165559615,4.617744038,,21.32356,0.08389261745,1,0,6,1,249.8,2.308872019,0.5022416,3.458132461
Indane,9.38,9380,122.61,118.18,0.203603454,4.911508034,,24.12291116,0.1066098081,1,0,5,4,221.8,2.455754017,0.5067259,3.667113869
Isopropylbenzene,7.32,7320,139.44,120.19,0.2315509797,4.318703385,,18.65119893,0.1366120219,2,0.5,6,1,177,2.409351692,0.5112102,3.342623324
Propylbenzene,9.27,9270,139.44,120.19,0.2315509797,4.318703385,,18.65119893,0.1078748652,1,1.5,6,1,173.5,2.909351692,0.5156945,3.591908469
4-Ethyltoluene,12.7,12700,139.61,120.19,0.231833278,4.313444596,,18.60580428,0.07874015748,1,0.5,6,1,210.7,2.406722298,0.5201788,3.321608079
2-Ethyltoluene,9.96,9960,135.51,120.19,0.2250249087,4.443952476,,19.74871361,0.1004016064,1,0.5,6,1,192.2,2.471976238,0.5246631,3.40932931
"1,3,5-Trimethylbenzene",9.51,9510,138.96,120.19,0.2307539024,4.333621186,,18.78027258,0.1051524711,6,0,6,1,225,2.166810593,0.5291474,3.187058994
"1,2,3-Trimethylbenzene",10.17,10170,134.45,120.19,0.2232646961,4.478988472,,20.06133773,0.09832841691,2,0,6,1,247.8,2.239494236,0.5336317,3.283923355
"1,2,4-Trimethylbenzene",12.65,12650,137.21,120.19,0.2278478911,4.388892938,,19.26238122,0.0790513834,1,0,6,1,228.6,2.194446469,0.538116,3.208026182
1-Nonene,19.97,19970,173.17,126.24,0.2875622717,3.477507651,,12.09305947,0.05007511267,1,5.5,1,1,191.7,4.488753826,0.5426003,4.026210129
Propylcyclohexane,10.37,10370,158.99,126.24,0.2640152773,3.787659601,,14.34636525,0.09643201543,1,0,1,6,178.3,1.893829801,0.5470846,2.751574482
Butylcyclopentane,11.31,11310,160.82,126.24,0.2670541348,3.744559134,,14.02172311,0.0884173298,1,2.5,1,5,165.2,3.122279567,0.5515689,3.401329078
"2,2,4,4-Tetramethylpentane",9.75,9750,178.39,128.25,0.2962304882,3.375749762,,11.39568645,0.1025641026,2,2,1,1,206.5,2.687874881,0.5560532,2.993254733
"2,2,4-Trimethylhexane",11,11000,179.13,128.25,0.2974593158,3.361804276,,11.30172799,0.09090909091,1,3,1,1,153,3.180902138,0.5605375,3.260401844
"2,3,5-Trimethylhexane",10,10000,177.65,128.25,0.2950016606,3.389811427,,11.49082151,0.1,1,3,1,1,145.1,3.194905713,0.5650218,3.27968545
"2,4,4-Trimethylhexane",11.3,11300,177.15,128.25,0.2941713716,3.399379057,,11.55577798,0.08849557522,1,3,1,1,159.6,3.199689529,0.5695061,3.285654653
"2,4-Dimethylheptane",12,12000,179.38,128.25,0.2978744603,3.357118965,,11.27024775,0.08333333333,1,4,1,1,160,3.678559483,0.5739904,3.541622736
"2,2-Dimethyl-3-ethylpentane",10.2,10200,175.7,128.25,0.2917635337,3.427433125,,11.74729782,0.09803921569,2,3,1,1,173.7,3.213716562,0.5784747,3.3038035
"2,2,3-Trimethylhexane",10.3,10300,175.7,128.25,0.2917635337,3.427433125,,11.74729782,0.09708737864,1,3,1,1,153.16,3.213716562,0.582959,3.302845131
"4,4-Dimethylheptane",10.1,10100,176.67,128.25,0.2933742943,3.408614932,,11.61865575,0.09900990099,2,4,1,1,170.26,3.704307466,0.5874433,3.58231753
"2,6-Dimethylheptane",13,13000,180.9,128.25,0.3003985387,3.328911001,,11.08164845,0.07692307692,2,4,1,1,170.1,3.6644555,0.5919276,3.527529051
"3,5-Dimethylheptane",13,13000,177.4,128.25,0.2945865161,3.394588501,,11.52323109,0.07692307692,2,4,1,1,170.26,3.69729425,0.5964119,3.575125812
"2,5-Dimethylheptane",12,12000,178.88,128.25,0.2970441714,3.366502683,,11.33334032,0.08333333333,1,4,1,1,160.16,3.683251342,0.6008962,3.556835749
"2,4-Dimethyl-3-ethylpentane",7.2,7200,173.79,128.25,0.28859183,3.465101559,,12.00692882,0.1388888889,1,3,1,1,150.6,3.23255078,0.6053805,3.324319852
"2,3,3-Trimethylhexane",9.1,9100,173.79,128.25,0.28859183,3.465101559,,12.00692882,0.1098901099,1,3,1,1,156.2,3.23255078,0.6098648,3.323277025
"2,3,4-Trimethylhexane",10.7,10700,173.56,128.25,0.288209897,3.469693478,,12.03877283,0.09345794393,1,3,1,1,156.36,3.234846739,0.6143491,3.325415595
"2,2,3,3-Tetramethylpentane",9.66,9660,169.43,128.25,0.2813517104,3.5542702,,12.63283666,0.1035196687,1,2,1,1,263.2,2.7771351,0.6188334,3.073353044
3-Methyl-4-ethylhexane,12.3,12300,173.32,128.25,0.2878113584,3.474498038,,12.07213662,0.08130081301,1,4,1,1,160.16,3.737249019,0.6233177,3.638275375
"3,3,4-Trimethylhexane",8.1,8100,172.16,128.25,0.285885088,3.497908922,,12.23536683,0.1234567901,1,3,1,1,171.8,3.248954461,0.627802,3.341614813
"2,3-Dimethylheptane",14,14000,176.67,128.25,0.2933742943,3.408614932,,11.61865575,0.07142857143,1,4,1,1,157,3.704307466,0.6322863,3.59557727
"3,4-Dimethylheptane",13,13000,175.46,128.25,0.291364995,3.432121281,,11.77945649,0.07692307692,1,4,1,1,170,3.716060641,0.6367706,3.612925517
4-Ethylheptane,15,15000,176.18,128.25,0.2925606111,3.41809513,,11.68337432,0.06666666667,1,5,1,1,159.96,4.209047565,0.6412549,3.925297255
4-Methyloctane,16,16000,178.14,128.25,0.2958153437,3.380487257,,11.4276941,0.0625,1,5,1,1,159.9,4.190243629,0.6457392,3.903378689
2-Methyloctane,18,18000,179.89,128.25,0.298721355,3.347601312,,11.20643454,0.05555555556,1,5,1,1,192.7,4.173800656,0.6502235,3.884815541
3-Methyloctane,17,17000,177.89,128.25,0.2954001993,3.385238068,,11.45983678,0.05882352941,1,5,1,1,165.4,4.192619034,0.6547078,3.913836684
"3,3-Diethylpentane",11.38,11380,170.11,128.25,0.2824809034,3.540062313,,12.53204118,0.08787346221,2,4,1,1,240.1,3.770031156,0.6591921,3.691655958
n-Nonane,21.75,21750,177.72,128.25,0.295117901,3.388476255,,11.48177133,0.04597701149,2,6,1,1,219.5,4.694238127,0.6636764,4.255079594
Indene,10.2,10200,117.1,,0.1944536699,5.142613151,,26.44647002,0.09803921569,1,0,5,4,271.7,2.571306576,0.6681607,3.42456715
"1,2,3,4-Tetrahydronaphthalene",12.45,12450,135.88,,0.2256393225,4.431851634,,19.6413089,0.08032128514,2,0,5,5,237.3,2.215925817,0.672645,2.941320213
"1,2,3,5-Tetramethylbenzene",12.93,12930,150.64,,0.250149452,3.997610196,,15.98088728,0.07733952049,1,0,6,1,249.3,1.998805098,0.6771293,2.644160699
tert-Butylbenzene,8.4,8400,154.81,,0.2570740618,3.889929591,,15.13155222,0.119047619,1,0.5,6,1,215.2,2.194964796,0.6816136,2.734618535
Isobutylbenzene,12.51,12510,157.35,,0.2612919296,3.827136956,,14.64697728,0.07993605116,1,0.5,6,1,221.6,2.163568478,0.6860979,2.685766117
(dl)-sec-Butylbenzene,9.83,9830,155.71,,0.2585685819,3.867445893,,14.95713774,0.1017293998,1,1.5,6,1,198,2.683722947,0.6905822,3.049987896
4-Isopropyltoluene,9.67,9670,156.07,,0.2591663899,3.858525021,,14.88821534,0.1034126163,1,0.5,6,1,204.2,2.17926251,0.6950665,2.691325905
2-Isopropyltoluene,10,10000,154.28,,0.2561939555,3.903292715,,15.23569402,0.1,1,0.5,6,1,201.64,2.201646357,0.6995508,2.712904644
"1,3-Diethylbenzene",10.97,10970,155.35,,0.2579707738,3.876408111,,15.02653984,0.09115770283,2,1.5,6,1,189.1,2.688204055,0.7040351,3.03987075
3-Propyltoluene,10.59,10590,155.89,,0.2588674859,3.862980307,,14.92261685,0.09442870633,1,1.5,6,1,190.5,2.681490153,0.7085194,3.025871612
4-Propyltoluene,11.51,11510,156.43,,0.2597641979,3.849645209,,14.81976823,0.08688097307,1,1.5,6,1,209.4,2.674822604,0.7130037,3.011992345
"1,2-Diethylbenzene",16.78,16780,152.52,,0.2532713384,3.948334645,,15.58934647,0.05959475566,2,1.5,6,1,241.8,2.724167322,0.717488,3.070009281
Butylbenzene,11.22,11220,156.07,,0.2591663899,3.858525021,,14.88821534,0.08912655971,1,2.5,6,1,185.3,3.17926251,0.7219723,3.368116304
"1,4-Diethylbenzene",10.59,10590,155.71,,0.2585685819,3.867445893,,14.95713774,0.09442870633,2,1.5,6,1,230.17,2.683722947,0.7264566,3.007522546
2-Propyltoluene,14.77,14770,154.28,,0.2561939555,3.903292715,,15.23569402,0.06770480704,1,1.5,6,1,212.7,2.701646357,0.7309409,3.024960245
"1,2-Dimethyl-4-ethylbenzene",12.05,12050,154.1,,0.2558950515,3.907852044,,15.2713076,0.08298755187,1,0.5,6,1,206.1,2.203926022,0.7354252,2.654741909
"1,2,3,4-Tetramethylbenzene",11.23,11230,148.31,,0.2462803055,4.060413998,,16.48696183,0.08904719501,2,0,6,1,265.4,2.030206999,0.7399095,2.558244552
Decalin,14.41,14410,154.3,,0.2562271671,3.902786779,,15.23174464,0.0693962526,2,0,1,10,242.7,1.95139339,0.7443938,2.450181638
trans-Bicyclo[4.4.0]decane,11.62,11620,157.1,,0.2608767851,3.833227244,,14.6936311,0.08605851979,1,0,1,10,242.4,1.916613622,0.7488781,2.397917276
cis-Bicyclo[4.4.0]decane,14.43,14430,154.12,,0.255928263,3.907344926,,15.26734437,0.0693000693,1,0,1,10,242.7,1.953672463,0.7533624,2.43552155
1-Decene,21.76,21760,189.3,,0.3143473929,3.181193872,,10.11999445,0.04595588235,1,6.5,1,1,207,4.840596936,0.7578467,4.438767008
Butylcyclohexane,14.14,14140,175.56,,0.2915310528,3.430166325,,11.76604102,0.07072135785,1,2.5,1,6,198.4,2.965083162,0.762331,3.075619013
"2,2,5,5-Tetramethylhexane",9.8,9800,197.9,,0.3286283627,3.042950985,,9.259550699,0.1020408163,2,3,1,1,258,3.021475493,0.7668153,3.026483249
"2,2,4,5-Tetramethylhexane",14,14000,193.59,,0.321471272,3.110697867,,9.676441217,0.07142857143,1,3,1,1,219,3.055348933,0.7712996,3.068007257
"2,4,6-Trimethylheptane",10,10000,196.8,,0.326801727,3.05995935,,9.363351221,0.1,2,4,1,1,219,3.529979675,0.7757839,3.424593551
"2,3,3,5-Tetramethylhexane",11,11000,190.99,,0.3171537695,3.153044662,,9.941690641,0.09090909091,1,3,1,1,260.56,3.076522331,0.7802682,3.093336721
"2,5,5-Trimethylheptane",11,11000,192.28,,0.319295915,3.131890992,,9.808741188,0.09090909091,1,4,1,1,219,3.565945496,0.7847525,3.472516349
"2,2-Dimethyl-3-ethylhexane",14,14000,192.28,,0.319295915,3.131890992,,9.808741188,0.07142857143,1,4,1,1,219,3.565945496,0.7892368,3.47446278
"3,3,5-Trimethylheptane",14,14000,191.51,,0.31801727,3.144483317,,9.88777533,0.07142857143,1,4,1,1,219,3.572241658,0.7937211,3.484004138
"2,4-Dimethyloctane",16,16000,194.92,,0.3236798406,3.089472604,,9.544840972,0.0625,1,5,1,1,219.16,4.044736302,0.7982054,3.851969246
4-Propylheptane,18,18000,193.33,,0.3210395218,3.114881291,,9.702485457,0.05555555556,4,6,1,1,219,4.557440646,0.8026897,4.272808827
"3,5-Dimethyloctane",15,15000,193.07,,0.3206077715,3.119075983,,9.728634987,0.06666666667,1,5,1,1,219.16,4.059537991,0.807174,3.878192464
"2,5-Dimethyloctane",16,16000,194.92,,0.3236798406,3.089472604,,9.544840972,0.0625,1,5,1,1,219.16,4.044736302,0.8116583,3.864820313
"2,6-Dimethyloctane",16,16000,195.45,,0.3245599469,3.081094909,,9.493145839,0.0625,1,5,1,1,219.16,4.040547455,0.8161426,3.864145004
"2,2,3,3-Tetramethylhexane",12.4,12400,186.24,,0.3092660246,3.233462199,,10.45527779,0.08064516129,1,3,1,1,219,3.1167311,0.8206269,3.137669519
"2,7-Dimethyloctane",17.3,17300,196.53,,0.326353371,3.064163232,,9.389096313,0.05780346821,2,5,1,1,218.1,4.032081616,0.8251112,3.862803531
2-Methyl-5-ethylheptane,15,15000,194.39,,0.3227997343,3.097895982,,9.596959517,0.06666666667,1,5,1,1,219,4.048947991,0.8295955,3.886884449
"2,4-Dimethyl-4-ethylhexane",15,15000,189.72,,0.3150448356,3.174151381,,10.07523699,0.06666666667,1,4,1,1,219,3.58707569,0.8340798,3.518563206
"3,4,4-Trimethylheptane",12,12000,189.72,,0.3150448356,3.174151381,,10.07523699,0.08333333333,1,4,1,1,219,3.58707569,0.8385641,3.520414883
"3,6-Dimethyloctane",15,15000,193.33,,0.3210395218,3.114881291,,9.702485457,0.06666666667,1,5,1,1,219.16,4.057440646,0.8430484,3.909504447
"3,3-Dimethyloctane",16,16000,192.54,,0.3197276652,3.127661785,,9.782268239,0.0625,1,5,1,1,219,4.063830892,0.8475327,3.921095716
"3,4-Diethylhexane",15,15000,189.47,,0.3146296911,3.178339579,,10.10184248,0.06666666667,4,5,1,1,219,4.089169789,0.852017,3.954382402
5-Methylnonane,16.65,16650,194.12,,0.3223513783,3.102204822,,9.623674756,0.06006006006,2,6,1,1,186.7,4.551102411,0.8565013,4.34318749
2-Methylnonane,17.49,17490,195.99,,0.3254566589,3.072605745,,9.440906065,0.05717552887,1,6,1,1,198.8,4.536302873,0.8609856,4.332827895
3-Methylnonane,18.7,18700,194.92,,0.3236798406,3.089472604,,9.544840972,0.05347593583,1,6,1,1,188.5,4.544736302,0.8654699,4.348959531
n-Decane,28.7,28700,194.92,,0.3236798406,3.089472604,,9.544840972,0.03484320557,2,7,1,1,243.3,5.044736302,0.8699542,4.79046247
1-Methylnaphthalene,11.93,11930,138.73,,0.2303719694,4.340805882,,18.8425957,0.08382229673,1,0,10,1,242.7,2.170402941,0.8744385,2.44292199
1-Undecene,26.19,26190,205.73,,0.3416306875,2.92713751,,8.568134004,0.03818251241,1,7.5,1,1,224,5.213568755,0.8789228,4.936734062
2-Methyldecane,25.09,25090,210.94,,0.3502822982,2.854840239,,8.15011279,0.03985651654,1,7,1,1,224.1,4.927420119,0.8834071,4.685772021
n-Undecane,29.04,29040,211.23,,0.3507638658,2.850920797,,8.127749392,0.03443526171,2,8,1,1,247.6,5.425460399,0.8878914,5.136832368
"1,3-Dimethylnaphthalene",15.9,15900,159.09,,0.2641813351,3.785278773,,14.32833539,0.06289308176,1,0,10,1,267,1.892639387,0.8923757,2.096333376
1-Ethylnaphthalene,16.3,16300,156.23,,0.2594320824,3.854573385,,14.85773598,0.06134969325,1,0.5,10,1,259.1,2.177286693,0.89686,2.350282042
Cyclohexylbenzene,15.27,15270,168.69,,0.2801228828,3.569861877,,12.74391382,0.06548788474,1,0,6,6,280.5,1.784930938,0.9013443,1.96102455
Hexylbenzene,18.41,18410,188.48,,0.312985719,3.195033956,,10.20824198,0.05431830527,1,4.5,6,1,212,3.847516978,0.9058286,3.786071738
Bicyclohexyl,16.14,16140,192.48,,0.3196280306,3.128636741,,9.78836786,0.06195786865,1,0,12,1,277,1.564318371,0.9103129,1.704617549
1-Dodecene,24.42,24420,222.07,,0.3687645301,2.711757554,,7.353629031,0.04095004095,1,8.5,1,1,237.9,5.605878777,0.9147972,5.359291545
n-Hexylcyclohexane,22.18,22180,208.33,,0.34594819,2.89060625,,8.355604491,0.04508566276,1,4.5,1,6,263.6,3.695303125,0.9192815,3.6303492
n-Dodecane,36.82,36820,227.42,,0.3776486217,2.647964119,,7.011713977,0.02715915263,2,9,1,1,263.4,5.82398206,0.9237658,5.581860873
n-Heptylcyclohexane,22.22,22220,224.85,,0.3733809366,2.678229931,,7.172915564,0.04500450045,1,5.5,1,6,232.8,4.089114966,0.9282501,3.987884105
n-Tridecane,36.15,36150,243.88,,0.4049817336,2.469247171,,6.09718159,0.02766251729,2,10,1,1,267.8,6.234623585,0.9327344,5.981343282
"1,1-Diphenylethane",17.57,17570,182.27,,0.3026735304,3.303889834,,10.91568803,0.05691519636,1,1,12,1,255.1,2.151944917,0.9372187,2.224265516
Octylbenzene,29.96,29960,222.35,,0.3692294919,2.708342703,,7.335120197,0.03337783712,1,6.5,6,1,237,4.604171351,0.941703,4.493650229
n-Tetradecane,45.07,45070,260.03,,0.4318000664,2.315886628,,5.363330876,0.02218770801,2,11,1,1,278.8,6.657943314,0.9461873,6.42428552
"Benzene,nonyl-",28.87,28870,238.74,,0.3964463633,2.522409316,,6.362548755,0.03463803256,1,7.5,6,1,249,5.011204658,0.9506716,4.888436366
n-Decylcyclopentane,33.13,33130,259.45,,0.4308369313,2.321063789,,5.387337112,0.03018412315,1,2.5,1,5,251,2.410531894,0.9551559,2.406519778
n-Pentadecane,43.77,43770,276.59,,0.4592992361,2.177229835,,4.740329753,0.02284669865,2,12,1,1,282.9,7.088614917,0.9596402,6.890392398
1-Hexadecene,34.08,34080,287.36,,0.4771836599,2.095629176,,4.391661643,0.029342723,1,12.5,1,1,277.5,7.297814588,0.9641245,7.111183585
n-Decylcyclohexane,38.62,38620,274.03,,0.4550481568,2.197569609,,4.829312187,0.02589331952,1,2.5,1,6,271.4,2.348784805,0.9686088,2.344037978
n-Hexadecane,53.35,53350,292.95,,0.4864662903,2.055640894,,4.225659487,0.01874414246,2,13,1,1,291.1,7.527820447,0.9730931,7.380581059
n-Undecylbenzene,36,36000,272.78,,0.4529724344,2.207639856,,4.873673735,0.02777777778,1,9.5,6,1,268,5.853819928,0.9775774,5.772063091
n-Heptadecane,51.13,51130,309.1,,0.513284623,1.948236817,,3.795626693,0.01955798944,2,14,1,1,295.1,7.974118408,0.9820617,7.866024337
Dodecylbenzene,40.17,40170,287.9,,0.478080372,2.091698506,,4.375202642,0.02489419965,1,10,6,1,276,6.045849253,0.986546,5.992650109
n-Dodecylcyclohexane,45.84,45840,308.29,,0.511939555,1.953355607,,3.815598126,0.02181500873,1,10,1,6,285,5.976677803,0.9910303,5.94058981
Tridecylbenzene,43.93,43930,304.29,,0.5052972434,1.979033159,,3.916572245,0.02276348737,1,11.5,6,1,283,6.73951658,0.9955146,6.718163907
Tridecylcyclohexane,51.05,51050,317.27,,0.5268515443,1.898067892,,3.602661722,0.01958863859,1,11.5,1,6,291.5,6.699033946,0.9999989,6.699028665