label,w,w_abs
index,0.1498375978719828,0.1498375978719828
Molecular Weight,0.05487796133360612,0.05487796133360612
ABC,0.5441638435680325,0.5441638435680325
ABCGG,0.10170573025909402,0.10170573025909402
nAcid,4.860714695269859,4.860714695269859
nBase,-2.442655108826833,2.442655108826833
nAromAtom,0.19546816783299015,0.19546816783299015
nAromBond,0.16365001834548387,0.16365001834548387
nAtom,0.24518339399728317,0.24518339399728317
nHeavyAtom,0.2728472063230143,0.2728472063230143
nSpiro,0.0,0.0
nBridgehead,-2.9097647378343834,2.9097647378343834
nHetero,0.036397319363050684,0.036397319363050684
nH,0.18084492390397777,0.18084492390397777
nB,-0.6725167998153632,0.6725167998153632
nC,0.20680359981629337,0.20680359981629337
nN,0.15237413285205115,0.15237413285205115
nO,0.41991876088958424,0.41991876088958424
nS,1.06879372521056,1.06879372521056
nP,0.0,0.0
nF,-0.6381115638155803,0.6381115638155803
nCl,-1.1485569307963774,1.1485569307963774
nBr,-0.3151916951341889,0.3151916951341889
nI,0.0,0.0
nX,-1.2550243626949338,1.2550243626949338
ATS0dv,0.24429729008807977,0.24429729008807977
ATS1dv,1.25142467588919,1.25142467588919
ATS2dv,1.0854349900015183,1.0854349900015183
ATS3dv,0.8729559066339255,0.8729559066339255
ATS4dv,-1.6980936335716437,1.6980936335716437
ATS5dv,-2.020022401398015,2.020022401398015
ATS6dv,0.5729712152724638,0.5729712152724638
ATS7dv,-0.7051488216828595,0.7051488216828595
ATS8dv,0.5325548843694428,0.5325548843694428
ATS0d,0.5474998841528733,0.5474998841528733
ATS1d,0.22765306138685526,0.22765306138685526
ATS2d,0.27195344627995377,0.27195344627995377
ATS3d,-0.1015760612169323,0.1015760612169323
ATS4d,-0.3759230067334438,0.3759230067334438
ATS5d,-0.14126280495443844,0.14126280495443844
ATS6d,0.38878406016875466,0.38878406016875466
ATS7d,-1.5567225496250123,1.5567225496250123
ATS8d,0.024399826788913614,0.024399826788913614
ATS0Z,-0.2115477417449787,0.2115477417449787
ATS1Z,0.6242297410841111,0.6242297410841111
ATS2Z,0.8255697036692118,0.8255697036692118
ATS3Z,0.8501919254311052,0.8501919254311052
ATS4Z,-1.416566795588171,1.416566795588171
ATS5Z,-1.6556980573231321,1.6556980573231321
ATS6Z,-0.31722131350547667,0.31722131350547667
ATS7Z,-0.6923384582844156,0.6923384582844156
ATS8Z,1.04645016425048,1.04645016425048
ATS0m,-0.21169883054892358,0.21169883054892358
ATS1m,0.5924794627667431,0.5924794627667431
ATS2m,0.9255508424966639,0.9255508424966639
ATS3m,0.9177077344146118,0.9177077344146118
ATS4m,-1.3475358494940775,1.3475358494940775
ATS5m,-1.8338433196441106,1.8338433196441106
ATS6m,-0.45789494926920016,0.45789494926920016
ATS7m,-0.40416162616437834,0.40416162616437834
ATS8m,1.5837125971334354,1.5837125971334354
ATS0v,0.1937477204656981,0.1937477204656981
ATS1v,0.25331777145289003,0.25331777145289003
ATS2v,0.16274009205448703,0.16274009205448703
ATS3v,0.09160252360455345,0.09160252360455345
ATS4v,0.12937844940949184,0.12937844940949184
ATS5v,0.19869925502587638,0.19869925502587638
ATS6v,-1.0226994408839598,1.0226994408839598
ATS7v,-2.1531901720968145,2.1531901720968145
ATS8v,-0.042427638230162046,0.042427638230162046
ATS0se,0.22598291118241365,0.22598291118241365
ATS1se,0.5066990983197299,0.5066990983197299
ATS2se,-0.015558614656212999,0.015558614656212999
ATS3se,-0.03826344518549707,0.03826344518549707
ATS4se,-0.7342076239433135,0.7342076239433135
ATS5se,-0.2673577406967773,0.2673577406967773
ATS6se,0.07127630795988171,0.07127630795988171
ATS7se,-1.9413625551766982,1.9413625551766982
ATS8se,0.09357683774919012,0.09357683774919012
ATS0pe,0.21180960638173296,0.21180960638173296
ATS1pe,0.5174058319717698,0.5174058319717698
ATS2pe,-4.48519938918146e-05,4.48519938918146e-05
ATS3pe,-0.012068215836817053,0.012068215836817053
ATS4pe,-0.8226608569423588,0.8226608569423588
ATS5pe,-0.3757424531555493,0.3757424531555493
ATS6pe,0.0868953341635601,0.0868953341635601
ATS7pe,-1.9230199798544074,1.9230199798544074
ATS8pe,0.17082283153972577,0.17082283153972577
ATS0are,0.24032188665769683,0.24032188665769683
ATS1are,0.5478920941944176,0.5478920941944176
ATS2are,-0.003401074151925254,0.003401074151925254
ATS3are,0.0019833170420344715,0.0019833170420344715
ATS4are,-0.874110052719498,0.874110052719498
ATS5are,-0.42257281047789874,0.42257281047789874
ATS6are,0.15008326677021877,0.15008326677021877
ATS7are,-1.8949416149218195,1.8949416149218195
ATS8are,0.2222380400801689,0.2222380400801689
ATS0p,0.4924975977442996,0.4924975977442996
ATS1p,0.1284572366743726,0.1284572366743726
ATS2p,-0.02482173274499966,0.02482173274499966
ATS3p,-0.14359497886470685,0.14359497886470685
ATS4p,0.3829435457901358,0.3829435457901358
ATS5p,0.4356293590460476,0.4356293590460476
ATS6p,-0.9987647964161046,0.9987647964161046
ATS7p,-2.4704782873285756,2.4704782873285756
ATS8p,-0.47156977557006075,0.47156977557006075
ATS0i,0.19709084604645932,0.19709084604645932
ATS1i,0.5301991472146865,0.5301991472146865
ATS2i,0.11151335296757292,0.11151335296757292
ATS3i,-0.2928462027110976,0.2928462027110976
ATS4i,-0.5690781900512683,0.5690781900512683
ATS5i,0.04258435870321975,0.04258435870321975
ATS6i,-0.017350292931487488,0.017350292931487488
ATS7i,-2.1555782807831854,2.1555782807831854
ATS8i,-0.006885190461492829,0.006885190461492829
AATS0dv,0.2413594989444241,0.2413594989444241
AATS1dv,0.7167861018432999,0.7167861018432999
AATS2dv,0.8912297515918164,0.8912297515918164
AATS3dv,-0.22112191753067112,0.22112191753067112
AATS4dv,-0.41159769955666214,0.41159769955666214
AATS5dv,-0.0760804116187862,0.0760804116187862
AATS0d,1.1068957368636667,1.1068957368636667
AATS1d,0.32110033925110404,0.32110033925110404
AATS2d,1.0533244981469094,1.0533244981469094
AATS3d,1.0084945686551992,1.0084945686551992
AATS4d,0.9208505561584435,0.9208505561584435
AATS5d,-0.7939518142301454,0.7939518142301454
AATS0Z,0.037558128109779654,0.037558128109779654
AATS1Z,0.2067863257374114,0.2067863257374114
AATS2Z,0.6642241379335339,0.6642241379335339
AATS3Z,0.42909377238186486,0.42909377238186486
AATS4Z,0.14976994794429896,0.14976994794429896
AATS5Z,0.6533399208450658,0.6533399208450658
AATS0m,0.08713453550694727,0.08713453550694727
AATS1m,0.22093344595930464,0.22093344595930464
AATS2m,0.7068497259717383,0.7068497259717383
AATS3m,0.5062226376507312,0.5062226376507312
AATS4m,0.3582343345830291,0.3582343345830291
AATS5m,0.8557785989418248,0.8557785989418248
AATS0v,0.45206011746714925,0.45206011746714925
AATS1v,0.024390355680582232,0.024390355680582232
AATS2v,0.6175082928512969,0.6175082928512969
AATS3v,0.8615846361628301,0.8615846361628301
AATS4v,1.629856812772231,1.629856812772231
AATS5v,-0.4574709134906678,0.4574709134906678
AATS0se,-0.20583512478643318,0.20583512478643318
AATS1se,0.32419803019129667,0.32419803019129667
AATS2se,0.08162087578372451,0.08162087578372451
AATS3se,-0.4247606942985944,0.4247606942985944
AATS4se,-1.675095469638907,1.675095469638907
AATS5se,-0.4050063904999055,0.4050063904999055
AATS0pe,-0.12369547957269855,0.12369547957269855
AATS1pe,0.29968840475820513,0.29968840475820513
AATS2pe,0.2907704902984365,0.2907704902984365
AATS3pe,-0.3489906427774936,0.3489906427774936
AATS4pe,-1.3110272435901211,1.3110272435901211
AATS5pe,-0.24493868413319753,0.24493868413319753
AATS0are,-0.09520334423696475,0.09520334423696475
AATS1are,0.3470177951010376,0.3470177951010376
AATS2are,0.31419351835465914,0.31419351835465914
AATS3are,-0.4535903385494353,0.4535903385494353
AATS4are,-1.5190880038724028,1.5190880038724028
AATS5are,-0.2343632463397638,0.2343632463397638
AATS0p,0.2021634275013351,0.2021634275013351
AATS1p,-0.16677708372075184,0.16677708372075184
AATS2p,0.3069044220391417,0.3069044220391417
AATS3p,1.4257807874570831,1.4257807874570831
AATS4p,2.456097849162849,2.456097849162849
AATS5p,-0.826906246424552,0.826906246424552
AATS0i,-0.7249991875081152,0.7249991875081152
AATS1i,1.0300359946831534,1.0300359946831534
AATS2i,0.8546108256991181,0.8546108256991181
AATS3i,-0.5466313901484543,0.5466313901484543
AATS4i,-1.94696858327469,1.94696858327469
AATS5i,0.6953691613080153,0.6953691613080153
ATSC0dv,0.20844515407353637,0.20844515407353637
ATSC1dv,-0.15273252637046397,0.15273252637046397
ATSC2dv,-0.1598293810094118,0.1598293810094118
ATSC3dv,0.04665589295271921,0.04665589295271921
ATSC4dv,-0.14813483088508583,0.14813483088508583
ATSC5dv,-0.19815323978693744,0.19815323978693744
ATSC6dv,-3.0074650320238643,3.0074650320238643
ATSC7dv,1.2294823862964464,1.2294823862964464
ATSC8dv,0.2335127014859557,0.2335127014859557
ATSC0d,-0.44866325586842315,0.44866325586842315
ATSC1d,0.0677329728027658,0.0677329728027658
ATSC2d,-1.0099888958576448,1.0099888958576448
ATSC3d,-1.930559790419279,1.930559790419279
ATSC4d,1.6706242660003991,1.6706242660003991
ATSC5d,0.5794599072996429,0.5794599072996429
ATSC6d,-2.142815370103385,2.142815370103385
ATSC7d,-2.4465592748412215,2.4465592748412215
ATSC8d,0.873767198920231,0.873767198920231
ATSC0Z,-0.5093405247401481,0.5093405247401481
ATSC1Z,-0.7213950390278363,0.7213950390278363
ATSC2Z,0.05550060678782254,0.05550060678782254
ATSC3Z,-0.5675510144873872,0.5675510144873872
ATSC4Z,-0.05390475713157117,0.05390475713157117
ATSC5Z,0.4595411974643664,0.4595411974643664
ATSC6Z,-0.8107502179590682,0.8107502179590682
ATSC7Z,-1.1610333482904736,1.1610333482904736
ATSC8Z,0.5039090413502356,0.5039090413502356
ATSC0m,-0.5025287333978437,0.5025287333978437
ATSC1m,-0.8349572439125854,0.8349572439125854
ATSC2m,-0.08410206286357802,0.08410206286357802
ATSC3m,-0.6472949738137412,0.6472949738137412
ATSC4m,-0.052263258612957886,0.052263258612957886
ATSC5m,0.32774154616574247,0.32774154616574247
ATSC6m,-0.7298837495236921,0.7298837495236921
ATSC7m,-0.8964538606291708,0.8964538606291708
ATSC8m,0.5317536960296398,0.5317536960296398
ATSC0v,-0.6099681093728577,0.6099681093728577
ATSC1v,-0.27117707410817005,0.27117707410817005
ATSC2v,-0.4222984381127337,0.4222984381127337
ATSC3v,-1.461524864773251,1.461524864773251
ATSC4v,0.17172587241101755,0.17172587241101755
ATSC5v,0.14926091065707148,0.14926091065707148
ATSC6v,-1.846895024779175,1.846895024779175
ATSC7v,1.4678338822764054,1.4678338822764054
ATSC8v,-0.09668020362347063,0.09668020362347063
ATSC0se,0.4208842763101188,0.4208842763101188
ATSC1se,-0.5217196854871222,0.5217196854871222
ATSC2se,1.0460853235252277,1.0460853235252277
ATSC3se,1.9114694825610852,1.9114694825610852
ATSC4se,-2.2977218308774963,2.2977218308774963
ATSC5se,-0.27030765654330136,0.27030765654330136
ATSC6se,-0.11547501327778065,0.11547501327778065
ATSC7se,-1.033135476636022,1.033135476636022
ATSC8se,0.22756437794475293,0.22756437794475293
ATSC0pe,0.2669077081818809,0.2669077081818809
ATSC1pe,-1.0922331058017356,1.0922331058017356
ATSC2pe,0.3723778323609688,0.3723778323609688
ATSC3pe,1.0357426835190244,1.0357426835190244
ATSC4pe,-2.086346795957899,2.086346795957899
ATSC5pe,1.3661380154138758,1.3661380154138758
ATSC6pe,-1.190532899848309,1.190532899848309
ATSC7pe,-0.2659003171354888,0.2659003171354888
ATSC8pe,-0.027797675194044302,0.027797675194044302
ATSC0are,0.6165885926227244,0.6165885926227244
ATSC1are,-1.1106176600748512,1.1106176600748512
ATSC2are,0.3143051447771814,0.3143051447771814
ATSC3are,1.1607130938547696,1.1607130938547696
ATSC4are,-2.1672323820646238,2.1672323820646238
ATSC5are,1.3890125745027602,1.3890125745027602
ATSC6are,-1.0693747238058124,1.0693747238058124
ATSC7are,-0.41811631223697976,0.41811631223697976
ATSC8are,-0.07375266953121784,0.07375266953121784
ATSC0p,0.42415028764095597,0.42415028764095597
ATSC1p,0.4212968625446152,0.4212968625446152
ATSC2p,-0.6176529396083574,0.6176529396083574
ATSC3p,-0.1894154905443901,0.1894154905443901
ATSC4p,1.0937125743908815,1.0937125743908815
ATSC5p,-2.0456543558238667,2.0456543558238667
ATSC6p,0.5315836352775247,0.5315836352775247
ATSC7p,1.0283658347026252,1.0283658347026252
ATSC8p,0.8600362481066792,0.8600362481066792
ATSC0i,-0.9247580332311749,0.9247580332311749
ATSC1i,-0.7058799974554324,0.7058799974554324
ATSC2i,-2.42515623503642,2.42515623503642
ATSC3i,-2.7197182551137615,2.7197182551137615
ATSC4i,0.5290078388439223,0.5290078388439223
ATSC5i,-0.3603204296226643,0.3603204296226643
ATSC6i,2.017417071440579,2.017417071440579
ATSC7i,2.9776810724567713,2.9776810724567713
ATSC8i,-0.4769888442019363,0.4769888442019363
AATSC0dv,0.2576393009536231,0.2576393009536231
AATSC1dv,-0.7506806816986609,0.7506806816986609
AATSC2dv,-1.3236637358038639,1.3236637358038639
AATSC3dv,-0.276663245280226,0.276663245280226
AATSC4dv,1.6028539043217158,1.6028539043217158
AATSC5dv,-1.132241070021398,1.132241070021398
AATSC0d,-0.5175981530791791,0.5175981530791791
AATSC1d,0.3999259971189346,0.3999259971189346
AATSC2d,-0.5946056694333025,0.5946056694333025
AATSC3d,-0.4810205124920177,0.4810205124920177
AATSC4d,1.7370772255129054,1.7370772255129054
AATSC5d,0.8809080307726393,0.8809080307726393
AATSC0Z,-0.30658086135546014,0.30658086135546014
AATSC1Z,-0.12344692092121168,0.12344692092121168
AATSC2Z,-0.7765104207438682,0.7765104207438682
AATSC3Z,-0.25163148543267777,0.25163148543267777
AATSC4Z,1.1657296237508459,1.1657296237508459
AATSC5Z,-0.009175710693959171,0.009175710693959171
AATSC0m,-0.24353986067033917,0.24353986067033917
AATSC1m,-0.2485573017367484,0.2485573017367484
AATSC2m,-0.8458905749126009,0.8458905749126009
AATSC3m,-0.3993935509993074,0.3993935509993074
AATSC4m,1.1565786508373914,1.1565786508373914
AATSC5m,-0.12890807397737047,0.12890807397737047
AATSC0v,-1.2044965137436092,1.2044965137436092
AATSC1v,-0.5682150125096239,0.5682150125096239
AATSC2v,0.1506692251349966,0.1506692251349966
AATSC3v,-1.4536093260169283,1.4536093260169283
AATSC4v,0.059316938374193606,0.059316938374193606
AATSC5v,0.1202858973460581,0.1202858973460581
AATSC0se,-0.34584463725440795,0.34584463725440795
AATSC1se,-0.7931969411691959,0.7931969411691959
AATSC2se,-0.0028516657413553137,0.0028516657413553137
AATSC3se,0.33533124579955187,0.33533124579955187
AATSC4se,-0.009376454728272865,0.009376454728272865
AATSC5se,0.573336782151874,0.573336782151874
AATSC0pe,-0.3928247854723308,0.3928247854723308
AATSC1pe,-1.0056988333756482,1.0056988333756482
AATSC2pe,-1.0037516746862352,1.0037516746862352
AATSC3pe,-0.4706957720909575,0.4706957720909575
AATSC4pe,0.19983560395088018,0.19983560395088018
AATSC5pe,1.951734515229843,1.951734515229843
AATSC0are,0.03721355178290775,0.03721355178290775
AATSC1are,-1.1560115719109163,1.1560115719109163
AATSC2are,-0.8040176424145731,0.8040176424145731
AATSC3are,-0.49686850408199046,0.49686850408199046
AATSC4are,-0.051933381182532656,0.051933381182532656
AATSC5are,1.8967780636897984,1.8967780636897984
AATSC0p,0.17295201436961438,0.17295201436961438
AATSC1p,0.08070769991350835,0.08070769991350835
AATSC2p,0.09465031165306681,0.09465031165306681
AATSC3p,0.03441408705124149,0.03441408705124149
AATSC4p,-0.3396720096357938,0.3396720096357938
AATSC5p,-0.6747505947008636,0.6747505947008636
AATSC0i,-0.28832636219236996,0.28832636219236996
AATSC1i,-1.7859073167956003,1.7859073167956003
AATSC2i,-0.4462401461134231,0.4462401461134231
AATSC3i,-2.7459873144216553,2.7459873144216553
AATSC4i,-1.0665777051366758,1.0665777051366758
AATSC5i,2.0797584163644878,2.0797584163644878
MATS1dv,1.2409149732015106,1.2409149732015106
MATS2dv,0.007939407121413389,0.007939407121413389
MATS3dv,-0.10594435779493105,0.10594435779493105
MATS4dv,0.485637138934119,0.485637138934119
MATS5dv,-2.2861396647759875,2.2861396647759875
MATS1d,0.8199420025659965,0.8199420025659965
MATS2d,-0.35839581889430505,0.35839581889430505
MATS3d,-0.6343774475762309,0.6343774475762309
MATS4d,1.3727899565902872,1.3727899565902872
MATS5d,1.5590058047005324,1.5590058047005324
MATS1Z,0.8524420551925029,0.8524420551925029
MATS2Z,0.42096027771167854,0.42096027771167854
MATS3Z,-0.0029368742413966586,0.0029368742413966586
MATS4Z,-2.0873842571465366,2.0873842571465366
MATS5Z,0.40577286620386,0.40577286620386
MATS1m,0.9348842953071284,0.9348842953071284
MATS2m,0.2905728994088883,0.2905728994088883
MATS3m,-0.1369647460420529,0.1369647460420529
MATS4m,-2.1071519069872857,2.1071519069872857
MATS5m,0.6429905654164827,0.6429905654164827
MATS1v,-2.1689709779521475,2.1689709779521475
MATS2v,-0.15356835631375,0.15356835631375
MATS3v,0.3362930446513033,0.3362930446513033
MATS4v,-0.1331812668543857,0.1331812668543857
MATS5v,-1.1398531023580996,1.1398531023580996
MATS1se,0.11322116374196156,0.11322116374196156
MATS2se,-0.08178405944603995,0.08178405944603995
MATS3se,1.4620295797672234,1.4620295797672234
MATS4se,0.2948670207138029,0.2948670207138029
MATS5se,-1.6437141784969667,1.6437141784969667
MATS1pe,-0.09892948092058518,0.09892948092058518
MATS2pe,0.7347247099363927,0.7347247099363927
MATS3pe,0.6796809314448167,0.6796809314448167
MATS4pe,0.27433509043645166,0.27433509043645166
MATS5pe,-1.08596027358041,1.08596027358041
MATS1are,-0.4220261689547993,0.4220261689547993
MATS2are,0.369730290130569,0.369730290130569
MATS3are,1.0019331481763496,1.0019331481763496
MATS4are,0.5535168437581848,0.5535168437581848
MATS5are,-1.4607926583861515,1.4607926583861515
MATS1p,-0.4955746360494846,0.4955746360494846
MATS2p,-0.1893722121780752,0.1893722121780752
MATS3p,1.1555441790399996,1.1555441790399996
MATS4p,-0.8693708576901495,0.8693708576901495
MATS5p,-1.0849379897095388,1.0849379897095388
MATS1i,-0.02213521427374321,0.02213521427374321
MATS2i,-1.9789418303966926,1.9789418303966926
MATS3i,-1.236966909122894,1.236966909122894
MATS4i,-0.35967137851910413,0.35967137851910413
MATS5i,0.0276075839974137,0.0276075839974137
GATS1dv,-2.664002662409056,2.664002662409056
GATS2dv,-0.5465468785123755,0.5465468785123755
GATS3dv,-0.06987306326668064,0.06987306326668064
GATS4dv,-2.0585329858241757,2.0585329858241757
GATS5dv,0.7764017866552697,0.7764017866552697
GATS1d,-1.6074266037174647,1.6074266037174647
GATS2d,-1.5216895264474708,1.5216895264474708
GATS3d,-2.6037632648364255,2.6037632648364255
GATS4d,-2.1935269077936326,2.1935269077936326
GATS5d,-0.933636441584432,0.933636441584432
GATS1Z,1.1678530977357706,1.1678530977357706
GATS2Z,-0.34912560381513247,0.34912560381513247
GATS3Z,0.7436054100406793,0.7436054100406793
GATS4Z,0.7579509673832057,0.7579509673832057
GATS5Z,-1.7093861126040282,1.7093861126040282
GATS1m,1.3276652848939046,1.3276652848939046
GATS2m,-0.07874279339175083,0.07874279339175083
GATS3m,0.8832645655009577,0.8832645655009577
GATS4m,0.8157200944229147,0.8157200944229147
GATS5m,-1.9830806547442363,1.9830806547442363
GATS1v,0.2161960768891853,0.2161960768891853
GATS2v,-0.7118492726993275,0.7118492726993275
GATS3v,-1.333012711048013,1.333012711048013
GATS4v,0.9855169639338737,0.9855169639338737
GATS5v,-0.27950459029372743,0.27950459029372743
GATS1se,1.7497036843477298,1.7497036843477298
GATS2se,0.7020579816273136,0.7020579816273136
GATS3se,0.8734574518216736,0.8734574518216736
GATS4se,-0.4406778680395853,0.4406778680395853
GATS5se,1.2842063326170177,1.2842063326170177
GATS1pe,1.3772203315947928,1.3772203315947928
GATS2pe,-0.453398766995154,0.453398766995154
GATS3pe,0.3411529772503048,0.3411529772503048
GATS4pe,-0.9376253894988387,0.9376253894988387
GATS5pe,0.9182306888614828,0.9182306888614828
GATS1are,1.7090266768602351,1.7090266768602351
GATS2are,0.0022655910024198533,0.0022655910024198533
GATS3are,0.22058466421548406,0.22058466421548406
GATS4are,-1.2448311701391277,1.2448311701391277
GATS5are,1.055722884549084,1.055722884549084
GATS1p,0.22303523576599682,0.22303523576599682
GATS2p,0.37237890235129,0.37237890235129
GATS3p,-3.065924117521856,3.065924117521856
GATS4p,0.5669227311178466,0.5669227311178466
GATS5p,0.3653737314258221,0.3653737314258221
GATS1i,1.6002604487921408,1.6002604487921408
GATS2i,2.8565997743054923,2.8565997743054923
GATS3i,-1.1295096558612459,1.1295096558612459
GATS4i,0.2167431736877794,0.2167431736877794
GATS5i,-0.9283087121650002,0.9283087121650002
BalabanJ,-1.9758690689051157,1.9758690689051157
BertzCT,-1.652626817220984,1.652626817220984
nBonds,0.34954146653218143,0.34954146653218143
nBondsO,0.4476997442330397,0.4476997442330397
nBondsS,0.24560447256801599,0.24560447256801599
nBondsD,0.05549797966726722,0.05549797966726722
nBondsT,-1.5947227188554285,1.5947227188554285
nBondsA,0.16365001834548387,0.16365001834548387
nBondsM,0.09897172200382442,0.09897172200382442
nBondsKS,0.3567255358289483,0.3567255358289483
nBondsKD,0.25599046281852544,0.25599046281852544
C1SP1,1.0985590645708108,1.0985590645708108
C2SP1,-0.17587148037652178,0.17587148037652178
C1SP2,-2.352582654276289,2.352582654276289
C2SP2,2.900878823129135,2.900878823129135
C3SP2,-2.0913218704989602,2.0913218704989602
C1SP3,-1.4546864600014313,1.4546864600014313
C2SP3,-0.4464791353050721,0.4464791353050721
C3SP3,-0.10495132154403053,0.10495132154403053
C4SP3,-0.5463193077655726,0.5463193077655726
HybRatio,-0.5779502254177151,0.5779502254177151
FCSP3,-0.7061806267745787,0.7061806267745787
Xch-3d,-0.5294715206473581,0.5294715206473581
Xch-4d,1.067120101317232,1.067120101317232
Xch-5d,1.160462009528617,1.160462009528617
Xch-6d,0.5498493944504865,0.5498493944504865
Xch-7d,-0.09084555778824921,0.09084555778824921
Xch-3dv,-0.004992602816169978,0.004992602816169978
Xch-4dv,0.13167815915275227,0.13167815915275227
Xch-5dv,-0.05893100027668119,0.05893100027668119
Xch-6dv,-1.5672103491192004,1.5672103491192004
Xch-7dv,-2.7731939820836207,2.7731939820836207
Xc-3d,-0.08466940110462451,0.08466940110462451
Xc-4d,-1.8088152794410854,1.8088152794410854
Xc-5d,0.36458985744187,0.36458985744187
Xc-6d,1.4233312941195533,1.4233312941195533
Xc-3dv,0.08924625550526333,0.08924625550526333
Xc-4dv,0.5941955472285945,0.5941955472285945
Xc-5dv,-1.026682081382856,1.026682081382856
Xc-6dv,-0.3032693315881134,0.3032693315881134
Xpc-4d,1.0387694809398678,1.0387694809398678
Xpc-5d,0.2678576736488627,0.2678576736488627
Xpc-6d,0.0124969146668088,0.0124969146668088
Xpc-4dv,-0.791879265597971,0.791879265597971
Xpc-5dv,-0.536810930516668,0.536810930516668
Xpc-6dv,-0.9145384782330905,0.9145384782330905
Xp-1d,0.2622403533776305,0.2622403533776305
Xp-2d,0.498463131175098,0.498463131175098
Xp-3d,1.321646701722381,1.321646701722381
Xp-4d,-0.2974655929679324,0.2974655929679324
Xp-5d,0.6775824245442923,0.6775824245442923
Xp-6d,1.2098421904901064,1.2098421904901064
Xp-7d,-0.059782249504301,0.059782249504301
AXp-1d,-0.18715232215917332,0.18715232215917332
AXp-2d,-0.0022589660190615035,0.0022589660190615035
AXp-3d,2.3028204830150822,2.3028204830150822
AXp-4d,-0.17715271276989242,0.17715271276989242
AXp-5d,-0.8199000380031016,0.8199000380031016
AXp-6d,-0.49105457030940514,0.49105457030940514
Xp-1dv,0.17129501196251473,0.17129501196251473
Xp-2dv,0.04435713954532772,0.04435713954532772
Xp-3dv,0.0016406091150207303,0.0016406091150207303
Xp-4dv,-0.4421508566669714,0.4421508566669714
Xp-5dv,-1.2389719152496168,1.2389719152496168
Xp-6dv,-0.570907218878407,0.570907218878407
Xp-7dv,-0.7310724590608411,0.7310724590608411
AXp-1dv,-0.2287325345905309,0.2287325345905309
AXp-2dv,-0.315564281794539,0.315564281794539
AXp-3dv,0.25965672234301884,0.25965672234301884
AXp-4dv,0.1720094968489132,0.1720094968489132
AXp-5dv,-1.300026864184098,1.300026864184098
AXp-6dv,-0.9267503782392321,0.9267503782392321
SZ,0.11803401124650525,0.11803401124650525
Sm,0.05483546552149465,0.05483546552149465
Sv,0.2425673970293185,0.2425673970293185
Sse,0.2400733584604744,0.2400733584604744
Spe,0.23827423303452377,0.23827423303452377
Sare,0.24990979398054058,0.24990979398054058
Sp,0.30330210142958713,0.30330210142958713
Si,0.22373066549170773,0.22373066549170773
MZ,0.022483047001922163,0.022483047001922163
Mm,0.04080355418313886,0.04080355418313886
Mv,0.39650409123068897,0.39650409123068897
Mse,-0.18972704354311132,0.18972704354311132
Mpe,-0.10419555118159551,0.10419555118159551
Mare,-0.08358084001158386,0.08358084001158386
Mp,0.2254479407019767,0.2254479407019767
Mi,-0.7819397689165655,0.7819397689165655
NsLi,0.0,0.0
NssBe,0.0,0.0
NssssBe,0.0,0.0
NssBH,0.0,0.0
NsssB,-0.6725167998153632,0.6725167998153632
NssssB,0.0,0.0
NsCH3,0.321447755139491,0.321447755139491
NdCH2,-0.5664025592567103,0.5664025592567103
NssCH2,0.4626946359347208,0.4626946359347208
NtCH,0.07548627773226074,0.07548627773226074
NdsCH,-1.9092407479084583,1.9092407479084583
NaaCH,0.08439647801582684,0.08439647801582684
NsssCH,-5.236319787077566,5.236319787077566
NddC,0.0,0.0
NtsC,0.9244727990978072,0.9244727990978072
NdssC,2.916826717929423,2.916826717929423
NaasC,0.17280644493497377,0.17280644493497377
NaaaC,-0.43249825311553214,0.43249825311553214
NssssC,-0.4540820402247099,0.4540820402247099
NsNH3,0.0,0.0
NsNH2,1.4900930061181228,1.4900930061181228
NssNH2,0.0,0.0
NdNH,1.6977112269869483,1.6977112269869483
NssNH,3.0519514668607055,3.0519514668607055
NaaNH,2.4399705831889094,2.4399705831889094
NtN,-1.7356743965793955,1.7356743965793955
NsssNH,0.0,0.0
NdsN,-0.8078084865014592,0.8078084865014592
NaaN,0.33269690252166484,0.33269690252166484
NsssN,0.4975215024618054,0.4975215024618054
NddsN,1.020357952249733,1.020357952249733
NaasN,-1.4976822740026754,1.4976822740026754
NssssN,0.0,0.0
NsOH,1.373050862369535,1.373050862369535
NdO,-0.9576901024126028,0.9576901024126028
NssO,-0.29081805502582725,0.29081805502582725
NaaO,-0.8159065547373672,0.8159065547373672
NsF,-0.6381115638155803,0.6381115638155803
NsSiH3,0.0,0.0
NssSiH2,0.0,0.0
NsssSiH,0.0,0.0
NssssSi,-0.9634270009471058,0.9634270009471058
NsPH2,0.0,0.0
NssPH,0.0,0.0
NsssP,0.0,0.0
NdsssP,0.0,0.0
NsssssP,0.0,0.0
NsSH,-0.8218423182951202,0.8218423182951202
NdS,0.0,0.0
NssS,1.5298308412709964,1.5298308412709964
NaaS,-0.22551958857964394,0.22551958857964394
NdssS,1.2488786479789957,1.2488786479789957
NddssS,0.0,0.0
NsCl,-0.8634944221714185,0.8634944221714185
NsGeH3,0.0,0.0
NssGeH2,0.0,0.0
NsssGeH,0.0,0.0
NssssGe,0.0,0.0
NsAsH2,0.0,0.0
NssAsH,0.0,0.0
NsssAs,0.0,0.0
NsssdAs,0.0,0.0
NsssssAs,0.0,0.0
NsSeH,0.0,0.0
NdSe,0.0,0.0
NssSe,1.5887321706531738,1.5887321706531738
NaaSe,-0.40572201937547203,0.40572201937547203
NdssSe,0.0,0.0
NddssSe,0.0,0.0
NsBr,-0.3151916951341889,0.3151916951341889
NsSnH3,0.0,0.0
NssSnH2,0.0,0.0
NsssSnH,0.0,0.0
NssssSn,0.0,0.0
NsI,0.0,0.0
NsPbH3,0.0,0.0
NssPbH2,0.0,0.0
NsssPbH,0.0,0.0
NssssPb,0.0,0.0
SsLi,0.0,0.0
SssBe,0.0,0.0
SssssBe,0.0,0.0
SssBH,0.0,0.0
SsssB,0.6508002543237468,0.6508002543237468
SssssB,0.0,0.0
SsCH3,0.9512819643080044,0.9512819643080044
SdCH2,-0.554250324111659,0.554250324111659
SssCH2,2.1827244551166656,2.1827244551166656
StCH,-0.031187748327078046,0.031187748327078046
SdsCH,-1.8661209338013174,1.8661209338013174
SaaCH,-1.1875362918399128,1.1875362918399128
SsssCH,-0.8547823119622868,0.8547823119622868
SddC,0.0,0.0
StsC,1.136328644784781,1.136328644784781
SdssC,1.1312108399776335,1.1312108399776335
SaasC,0.5131727874467042,0.5131727874467042
SaaaC,-0.5513595006490108,0.5513595006490108
SssssC,-0.1752690680185527,0.1752690680185527
SsNH3,0.0,0.0
SsNH2,1.1796772979180954,1.1796772979180954
SssNH2,0.0,0.0
SdNH,1.6977112269869485,1.6977112269869485
SssNH,0.5530930460542338,0.5530930460542338
SaaNH,4.014047021244705,4.014047021244705
StN,-1.3949524937894102,1.3949524937894102
SsssNH,0.0,0.0
SdsN,-0.5816530787276841,0.5816530787276841
SaaN,0.312251804262182,0.312251804262182
SsssN,0.8118379911218465,0.8118379911218465
SddsN,2.912040880382051,2.912040880382051
SaasN,-2.8551682181090765,2.8551682181090765
SssssN,0.0,0.0
SsOH,1.1793788621915011,1.1793788621915011
SdO,-0.45555981140920787,0.45555981140920787
SssO,0.2803619320928128,0.2803619320928128
SaaO,-0.9832104561959696,0.9832104561959696
SsF,-0.7074211456110664,0.7074211456110664
SsSiH3,0.0,0.0
SssSiH2,0.0,0.0
SsssSiH,0.0,0.0
SssssSi,0.7909598483912075,0.7909598483912075
SsPH2,0.0,0.0
SssPH,0.0,0.0
SsssP,0.0,0.0
SdsssP,0.0,0.0
SsssssP,0.0,0.0
SsSH,-0.8218423182951202,0.8218423182951202
SdS,0.0,0.0
SssS,2.1375933784326535,2.1375933784326535
SaaS,1.1519518199770689,1.1519518199770689
SdssS,-1.7263659473845663,1.7263659473845663
SddssS,0.0,0.0
SsCl,-0.8872566246971215,0.8872566246971215
SsGeH3,0.0,0.0
SssGeH2,0.0,0.0
SsssGeH,0.0,0.0
SssssGe,0.0,0.0
SsAsH2,0.0,0.0
SssAsH,0.0,0.0
SsssAs,0.0,0.0
SsssdAs,0.0,0.0
SsssssAs,0.0,0.0
SsSeH,0.0,0.0
SdSe,0.0,0.0
SssSe,-1.5887321706531738,1.5887321706531738
SaaSe,-0.40572201937547214,0.40572201937547214
SdssSe,0.0,0.0
SddssSe,0.0,0.0
SsBr,-0.3565651233575391,0.3565651233575391
SsSnH3,0.0,0.0
SssSnH2,0.0,0.0
SsssSnH,0.0,0.0
SssssSn,0.0,0.0
SsI,0.0,0.0
SsPbH3,0.0,0.0
SssPbH2,0.0,0.0
SsssPbH,0.0,0.0
SssssPb,0.0,0.0
ECIndex,0.2743195280668793,0.2743195280668793
fragCpx,0.763084340397139,0.763084340397139
fMF,2.116161225392924,2.116161225392924
nHBAcc,-0.7220705821395725,0.7220705821395725
nHBDon,3.9154114061415397,3.9154114061415397
IC0,2.730683350454914,2.730683350454914
IC1,0.0005532730737209945,0.0005532730737209945
IC2,-0.2402444036507223,0.2402444036507223
IC3,1.1044388476290141,1.1044388476290141
IC4,1.0708162398531353,1.0708162398531353
IC5,-0.4146205920727315,0.4146205920727315
TIC0,2.8047661465416827,2.8047661465416827
TIC1,0.39050426809300953,0.39050426809300953
TIC2,0.21459683564125154,0.21459683564125154
TIC3,0.5807724852058689,0.5807724852058689
TIC4,0.7172228193010035,0.7172228193010035
TIC5,-0.15981753297161871,0.15981753297161871
SIC0,1.3657596335259088,1.3657596335259088
SIC1,-0.41512762295396577,0.41512762295396577
SIC2,-0.6094022366810616,0.6094022366810616
SIC3,0.8704732493673877,0.8704732493673877
SIC4,0.7194037298678388,0.7194037298678388
SIC5,-0.626895948707908,0.626895948707908
BIC0,1.5492251068647862,1.5492251068647862
BIC1,-0.25693187046975563,0.25693187046975563
BIC2,-0.2836308134003893,0.2836308134003893
BIC3,1.191243126475829,1.191243126475829
BIC4,1.0234233494909786,1.0234233494909786
BIC5,-0.5719860965898942,0.5719860965898942
CIC0,-0.8151278590685722,0.8151278590685722
CIC1,0.2867419823906623,0.2867419823906623
CIC2,0.5509614340218238,0.5509614340218238
CIC3,-0.7401850077064012,0.7401850077064012
CIC4,-0.7197897040769146,0.7197897040769146
CIC5,0.7205675173524941,0.7205675173524941
MIC0,1.0689906383501278,1.0689906383501278
MIC1,-1.8996082174699191,1.8996082174699191
MIC2,-0.15284610253481468,0.15284610253481468
MIC3,-0.6159996735780178,0.6159996735780178
MIC4,-0.7899865757440807,0.7899865757440807
MIC5,-2.1825182762024786,2.1825182762024786
ZMIC0,-3.348486978315438,3.348486978315438
ZMIC1,1.1017392541020783,1.1017392541020783
ZMIC2,0.934217302231394,0.934217302231394
ZMIC3,1.1645148333514985,1.1645148333514985
ZMIC4,1.9859295128589851,1.9859295128589851
ZMIC5,4.674916742067862,4.674916742067862
Kier1,-0.28679863059241306,0.28679863059241306
Kier2,0.3465414460746177,0.3465414460746177
Kier3,2.576508121775507,2.576508121775507
FilterItLogS,-0.5922535140722118,0.5922535140722118
VMcGowan,0.09302431273333234,0.09302431273333234
LabuteASA,0.171122878522457,0.171122878522457
PEOE_VSA1,3.2075332164305568,3.2075332164305568
PEOE_VSA2,1.1893367672471769,1.1893367672471769
PEOE_VSA3,0.08864689071480658,0.08864689071480658
PEOE_VSA4,2.4137040984771683,2.4137040984771683
PEOE_VSA5,-0.5158015903669853,0.5158015903669853
PEOE_VSA6,-2.5620042256259854,2.5620042256259854
PEOE_VSA7,-3.7028618219051905,3.7028618219051905
PEOE_VSA8,4.280896408914209,4.280896408914209
PEOE_VSA9,1.2777614113600628,1.2777614113600628
PEOE_VSA10,2.9357547243902307,2.9357547243902307
PEOE_VSA11,1.9659894366705393,1.9659894366705393
PEOE_VSA12,0.3252278902195824,0.3252278902195824
PEOE_VSA13,-0.8714519622610204,0.8714519622610204
SMR_VSA1,-0.11292623485104336,0.11292623485104336
SMR_VSA2,-1.453073874861392,1.453073874861392
SMR_VSA3,3.5162507756034103,3.5162507756034103
SMR_VSA4,1.2455008537472754,1.2455008537472754
SMR_VSA5,-1.799975103535444,1.799975103535444
SMR_VSA6,0.5886823626077771,0.5886823626077771
SMR_VSA7,0.3079020456093655,0.3079020456093655
SMR_VSA8,0.0,0.0
SMR_VSA9,-0.05150989047962273,0.05150989047962273
SlogP_VSA1,2.28143602169638,2.28143602169638
SlogP_VSA2,0.4179038227327374,0.4179038227327374
SlogP_VSA3,-2.2067316386089626,2.2067316386089626
SlogP_VSA4,5.76753201991373,5.76753201991373
SlogP_VSA5,-1.318795972699984,1.318795972699984
SlogP_VSA6,1.0071166882475628,1.0071166882475628
SlogP_VSA7,1.0843079238359397,1.0843079238359397
SlogP_VSA8,-0.7514909683383122,0.7514909683383122
SlogP_VSA9,0.0,0.0
SlogP_VSA10,-2.0101559507753652,2.0101559507753652
SlogP_VSA11,-1.2668077235406012,1.2668077235406012
EState_VSA1,-0.5722540777392808,0.5722540777392808
EState_VSA2,0.4638444483009394,0.4638444483009394
EState_VSA3,0.10925124455635449,0.10925124455635449
EState_VSA4,1.1208444205844863,1.1208444205844863
EState_VSA5,0.9909231817748374,0.9909231817748374
EState_VSA6,0.01223988866024417,0.01223988866024417
EState_VSA7,-2.239002461282936,2.239002461282936
EState_VSA8,0.20877752566812902,0.20877752566812902
EState_VSA9,0.22267070741106476,0.22267070741106476
EState_VSA10,-0.6185832115944603,0.6185832115944603
VSA_EState1,-0.9621944701002221,0.9621944701002221
VSA_EState2,-0.05125593471319023,0.05125593471319023
VSA_EState3,1.3865245926095624,1.3865245926095624
VSA_EState4,-0.3730706125269929,0.3730706125269929
VSA_EState5,-0.9244655666351749,0.9244655666351749
VSA_EState6,-0.7324628361432328,0.7324628361432328
VSA_EState7,0.46160322444820645,0.46160322444820645
VSA_EState8,-0.2927786818167126,0.2927786818167126
VSA_EState9,1.5588569217143764,1.5588569217143764
MDEC-33,1.5189344305774952,1.5189344305774952
MDEO-11,1.7797964643358997,1.7797964643358997
MPC2,0.6076251850205177,0.6076251850205177
MPC3,0.5049834313186263,0.5049834313186263
MPC4,0.41454496520981365,0.41454496520981365
MPC5,1.0327887565197775,1.0327887565197775
MPC6,1.4099275551745123,1.4099275551745123
MPC7,0.7442263118014969,0.7442263118014969
MPC8,1.234836309483251,1.234836309483251
MPC9,2.2593659926089753,2.2593659926089753
MPC10,0.22913252155597252,0.22913252155597252
TMPC10,1.105913210080483,1.105913210080483
piPC1,0.414336510642209,0.414336510642209
piPC2,0.6507547075620632,0.6507547075620632
piPC3,-0.2932742872717311,0.2932742872717311
piPC4,-0.7824977513670266,0.7824977513670266
piPC5,0.3051596968611694,0.3051596968611694
piPC6,0.027267964927416344,0.027267964927416344
piPC7,-2.248387632660836,2.248387632660836
piPC8,0.9675265295408524,0.9675265295408524
piPC9,-0.09322062865593317,0.09322062865593317
piPC10,2.781275541911447,2.781275541911447
TpiPC10,0.41836808081400534,0.41836808081400534
apol,0.303302101429589,0.303302101429589
bpol,-0.05738063312453168,0.05738063312453168
nRing,-0.022011980183274105,0.022011980183274105
n3Ring,-0.14162272422715017,0.14162272422715017
n4Ring,-1.470368845002799,1.470368845002799
n5Ring,0.03507436708776268,0.03507436708776268
n6Ring,0.2705536110762292,0.2705536110762292
n7Ring,0.4626070477955446,0.4626070477955446
n8Ring,-0.2246597091476638,0.2246597091476638
n9Ring,0.0,0.0
n10Ring,-0.6617159998921613,0.6617159998921613
n11Ring,0.0,0.0
n12Ring,0.0,0.0
nG12Ring,0.0,0.0
nHRing,-1.8841141595739295,1.8841141595739295
n3HRing,-1.7955645704632381,1.7955645704632381
n4HRing,1.2370518794482002,1.2370518794482002
n5HRing,-1.2844925821968314,1.2844925821968314
n6HRing,-0.39276354387219836,0.39276354387219836
n7HRing,-1.4126114491807824,1.4126114491807824
n8HRing,0.0,0.0
n9HRing,0.0,0.0
n10HRing,0.0,0.0
n11HRing,0.0,0.0
n12HRing,0.0,0.0
nG12HRing,0.0,0.0
naRing,0.1306837980496116,0.1306837980496116
n3aRing,0.0,0.0
n4aRing,0.0,0.0
n5aRing,-0.21098317128446453,0.21098317128446453
n6aRing,0.17899124870893157,0.17899124870893157
n7aRing,1.0444799554857687,1.0444799554857687
n8aRing,0.0,0.0
n9aRing,0.0,0.0
n10aRing,0.0,0.0
n11aRing,0.0,0.0
n12aRing,0.0,0.0
nG12aRing,0.0,0.0
naHRing,-0.9995903010370757,0.9995903010370757
n3aHRing,0.0,0.0
n4aHRing,0.0,0.0
n5aHRing,-0.4518674538546996,0.4518674538546996
n6aHRing,-0.832487735833169,0.832487735833169
n7aHRing,-0.8486857384979594,0.8486857384979594
n8aHRing,0.0,0.0
n9aHRing,0.0,0.0
n10aHRing,0.0,0.0
n11aHRing,0.0,0.0
n12aHRing,0.0,0.0
nG12aHRing,0.0,0.0
nARing,-0.17684681975060657,0.17684681975060657
n3ARing,-0.14162272422715017,0.14162272422715017
n4ARing,-1.470368845002799,1.470368845002799
n5ARing,0.3092853463499159,0.3092853463499159
n6ARing,0.17769001632333714,0.17769001632333714
n7ARing,-0.2258154211957102,0.2258154211957102
n8ARing,-0.2246597091476638,0.2246597091476638
n9ARing,0.0,0.0
n10ARing,-0.6617159998921613,0.6617159998921613
n11ARing,0.0,0.0
n12ARing,0.0,0.0
nG12ARing,0.0,0.0
nAHRing,-1.830511644019128,1.830511644019128
n3AHRing,-1.7955645704632381,1.7955645704632381
n4AHRing,1.2370518794482002,1.2370518794482002
n5AHRing,-1.9858637445069545,1.9858637445069545
n6AHRing,0.6950695324822171,0.6950695324822171
n7AHRing,-1.1282573910019504,1.1282573910019504
n8AHRing,0.0,0.0
n9AHRing,0.0,0.0
n10AHRing,0.0,0.0
n11AHRing,0.0,0.0
n12AHRing,0.0,0.0
nG12AHRing,0.0,0.0
nFRing,0.07638554984645651,0.07638554984645651
n4FRing,0.0,0.0
n5FRing,0.0,0.0
n6FRing,0.0,0.0
n7FRing,0.0,0.0
n8FRing,-0.2647714442782636,0.2647714442782636
n9FRing,-0.02766627054624493,0.02766627054624493
n10FRing,-1.536794482498882,1.536794482498882
n11FRing,-1.336246583346428,1.336246583346428
n12FRing,-2.3798697165686318,2.3798697165686318
nG12FRing,3.089721933767528,3.089721933767528
nFHRing,1.6157402797751583,1.6157402797751583
n4FHRing,0.0,0.0
n5FHRing,0.0,0.0
n6FHRing,0.0,0.0
n7FHRing,0.0,0.0
n8FHRing,0.0,0.0
n9FHRing,1.2117074088412236,1.2117074088412236
n10FHRing,0.2984602867388455,0.2984602867388455
n11FHRing,0.3567438991383156,0.3567438991383156
n12FHRing,1.9844535029659323,1.9844535029659323
nG12FHRing,0.9407492303594651,0.9407492303594651
nFaRing,-0.3570035832360852,0.3570035832360852
n4FaRing,0.0,0.0
n5FaRing,0.0,0.0
n6FaRing,0.0,0.0
n7FaRing,0.0,0.0
n8FaRing,0.0,0.0
n9FaRing,1.0111625531490052,1.0111625531490052
n10FaRing,0.0,0.0
n11FaRing,-0.8486857384979594,0.8486857384979594
n12FaRing,0.0,0.0
nG12FaRing,-0.5244120972415803,0.5244120972415803
nFaHRing,-0.10888461387491655,0.10888461387491655
n4FaHRing,0.0,0.0
n5FaHRing,0.0,0.0
n6FaHRing,0.0,0.0
n7FaHRing,0.0,0.0
n8FaHRing,0.0,0.0
n9FaHRing,1.0111625531490052,1.0111625531490052
n10FaHRing,0.0,0.0
n11FaHRing,-0.8486857384979594,0.8486857384979594
n12FaHRing,0.0,0.0
nG12FaHRing,0.0,0.0
nFARing,0.12435310774620056,0.12435310774620056
n4FARing,0.0,0.0
n5FARing,0.0,0.0
n6FARing,0.0,0.0
n7FARing,0.0,0.0
n8FARing,-0.2647714442782636,0.2647714442782636
n9FARing,-0.14372873569732558,0.14372873569732558
n10FARing,-1.536794482498882,1.536794482498882
n11FARing,-1.0808282343371678,1.0808282343371678
n12FARing,-2.3798697165686318,2.3798697165686318
nG12FARing,3.1641546721911866,3.1641546721911866
nFAHRing,1.6367277345693214,1.6367277345693214
n4FAHRing,0.0,0.0
n5FAHRing,0.0,0.0
n6FAHRing,0.0,0.0
n7FAHRing,0.0,0.0
n8FAHRing,0.0,0.0
n9FAHRing,1.1005820464818816,1.1005820464818816
n10FAHRing,0.2984602867388455,0.2984602867388455
n11FAHRing,1.0372166861765209,1.0372166861765209
n12FAHRing,1.9844535029659323,1.9844535029659323
nG12FAHRing,0.9407492303594651,0.9407492303594651
nRot,-1.4720036692019058,1.4720036692019058
RotRatio,-0.6661004633850287,0.6661004633850287
SLogP,0.649962880881811,0.649962880881811
SMR,0.3396142498236232,0.3396142498236232
TopoPSA(NO),1.1133749581806267,1.1133749581806267
TopoPSA,1.362961583823851,1.362961583823851
GGI1,1.5430022541053567,1.5430022541053567
GGI2,-2.148966002081192,2.148966002081192
GGI3,1.567721014058404,1.567721014058404
GGI4,-0.2876956487965838,0.2876956487965838
GGI5,-1.0615946836690373,1.0615946836690373
GGI6,-1.397108647414675,1.397108647414675
GGI7,-1.9180812054661673,1.9180812054661673
GGI8,2.4283051264558315,2.4283051264558315
GGI9,0.3045665048472248,0.3045665048472248
GGI10,0.0,0.0
JGI1,0.6231769323722984,0.6231769323722984
JGI2,-3.639719244083416,3.639719244083416
JGI3,2.304451815003466,2.304451815003466
JGI4,3.141920841873236,3.141920841873236
JGI5,-0.9059456864798165,0.9059456864798165
JGI6,2.2947898298809335,2.2947898298809335
JGI7,0.07659989606863071,0.07659989606863071
JGI8,-3.268181887688899,3.268181887688899
JGI9,-2.134380570204749,2.134380570204749
JGI10,0.0,0.0
JGT10,0.4364209313845162,0.4364209313845162
Diameter,1.0423606946551889,1.0423606946551889
Radius,1.0423604972280458,1.0423604972280458
TopoShapeIndex,-1.0702638920831384,1.0702638920831384
PetitjeanIndex,-0.5493719168706077,0.5493719168706077
VAdjMat,0.8100148459114234,0.8100148459114234
MWC01,0.4476997442330397,0.4476997442330397
MWC02,0.6802039725159359,0.6802039725159359
MWC03,0.5318949088853806,0.5318949088853806
MWC04,0.3089482903522587,0.3089482903522587
MWC05,0.2367520740563247,0.2367520740563247
MWC06,0.1254668829208243,0.1254668829208243
MWC07,0.08639029367403772,0.08639029367403772
MWC08,0.03969257344867039,0.03969257344867039
MWC09,0.021505410636565525,0.021505410636565525
MWC10,0.0038277667131181303,0.0038277667131181303
TMWC10,0.3032929310115655,0.3032929310115655
SRW02,0.7939658304995163,0.7939658304995163
SRW03,-0.9466918813324279,0.9466918813324279
SRW04,0.5592719350210995,0.5592719350210995
SRW05,-0.3758343929008934,0.3758343929008934
SRW06,0.23718146189030964,0.23718146189030964
SRW07,-0.17658658445544173,0.17658658445544173
SRW08,0.00016030859834081923,0.00016030859834081923
SRW09,-0.1498472886927873,0.1498472886927873
SRW10,-0.06334444032325326,0.06334444032325326
TSRW10,-0.12915125956815032,0.12915125956815032
MW,0.06827483197855733,0.06827483197855733
AMW,0.047969042438895215,0.047969042438895215
WPath,-1.1234013602245945,1.1234013602245945
WPol,0.513849303800366,0.513849303800366
Zagreb1,0.5540958794596049,0.5540958794596049
Zagreb2,0.5421977825990156,0.5421977825990156
mZagreb2,-0.09147056885375893,0.09147056885375893
